URL,Cateogria,Palabras Encontradas
https://www.netflix.com/,Otros,
https://www.apple.com/la/,Otros,-summary-accesorios-cover
https://www.disneyplus.com/,plataforma_peliculas,-movies-movies-summary-share-code
https://hushpuppies.cr/,Otros,-shop-productos-summary-men-vestir
https://www.bershka.com/,Otros,
https://github.com/,tecnologia,-review-summary-animation-men-like-user-software-developer-developers-code-dashboard
https://www.hbomax.com/,Otros,
https://www.nike.com/,tienda_ropa,-play-summary-products-moda-men-offer-preferences-services-information
Error,sitios_no_visitados,
https://www.hm.com/cr/,Otros,
https://bookshop.org/,Otros,-shop-book
https://www.walmart.co.cr/,Otros,-productos-men-size-developer-developers-book-author
https://www.bestbuy.com/,Otros,
https://www.udemy.com/,plataforma_peliculas,-shop-play-billboard-review-summary-men-offer-brand-notification-account-user-story-comment-share-profile-account-programming-android-code-book-cover
https://store.steampowered.com/,Otros,-play-summary-men-share
https://www.epicgames.com/,Otros,
https://www.unrealengine.com/en-US,tienda_ropa,-play-summary-animation-moda-men-gala-size-gala-account-user-share-account-cpu-cover
https://twitter.com/,Otros,-user-book-cover
https://web.telegram.org/,Otros,-user-share
https://www.ebay.com/,tienda_ropa,-summary-men-ropa-deportivo-user
https://www.github.com/,Otros,
https://www.tribunnews.com/,tienda_ropa,-play-review-summary-men-tela-size-brand-account-user-account-services-code-network
https://www.stackoverflow.com/,plataforma_peliculas,-play-review-summary-animation-men-collection-size-account-user-comment-password-post-share-account-programming-developer-developers-code-network
https://www.mail.ru/,Otros,
https://www.okezone.com/,plataforma_peliculas,-play-billboard-review-summary-men-size-account-user-share-profile-account-services-code-book-author
https://www.office.com/,Otros,-men-brand-share-cpu-book
https://www.msn.com/,Otros,
https://www.paypal.com/,Otros,
https://www.bilibili.com/,Otros,
https://www.hao123.com/,plataforma_peliculas,-play-series-cast-summary-series-animation-men-collection-size-brand-like-user-story-comment-share-photos-code-cover-author
https://www.imdb.com/,plataforma_peliculas,-movies-movies-review-summary-men-author
https://www.t.co/,Otros,
https://www.fandom.com/,plataforma_peliculas,-movies-movies-summary-men
https://www.imgur.com/,Otros,
https://www.163.com/,Otros,
https://www.wordpress.com/,Otros,
https://www.apple.com/,Otros,-shop-men-accessories-cover
https://www.soso.com/,Otros,
https://www.booking.com/,Otros,
https://www.adobe.com/,Otros,
https://www.pinterest.com/,Otros,-play-summary-share-android-book-cover
https://www.amazon.de/,Otros,
https://www.amazon.in/,comercio_electronico,-fashion-shop-appliances-computers-summary-shoes-shoes-computer-book
https://www.dropbox.com/,Otros,-summary-size-book
https://mozilla.org/,Otros,
https://www.foxnews.com/,tienda_ropa,-play-genre-cast-men-collection-material-material-size-material-material-videos-account-photos-videos-account-android-tech-technology-services-network-genre-book
https://www.savefrom.net/,Otros,
https://www.archive.org/,Otros,
Error,sitios_no_visitados,
https://www.airbnb.com/,Otros,-play-summary-android-cover
https://www.gfycat.com/,Otros,
https://www.office365.com/,Otros,
https://www.dailymail.co.uk/,Otros,
https://www.rambler.ru/,Otros,-summary-user
https://www.amazon.ca/,Otros,
https://www.zendesk.com/,Otros,-code
https://www.tistory.com/,Otros,-story
https://www.line.me/,Otros,
https://www.setn.com/,Otros,-play
https://www.grid.id/,plataforma_peliculas,-fashion-play-sinopsis-summary-animation-men-tela-size-brand-account-user-comment-profile-account-services-code-network-sinopsis-book-author
https://www.toutiao.com/,Otros,
https://www.bet9ja.com/,Otros,-play-user
https://www.allegro.pl/,Otros,
https://www.exoclick.com/,tecnologia,-play-review-men-brand-comment-tech-code-network-author
https://www.ebay-kleinanzeigen.de/,Otros,-information
https://www.yy.com/,Otros,
https://www.zoho.com/,Otros,
https://www.abs-cbn.com/,Otros,
https://www.ikea.com/,Otros,-summary-design-accessories
Error,sitios_no_visitados,
https://www.intuit.com/,Otros,-summary-products-size-tech-technology-book
https://www.shopify.com/,redes_sociales,-shop-play-summary-men-brand-account-user-share-account-software-android-code-book
https://www.atlassian.net/,Otros,
https://www.gamersky.com/,Otros,
https://www.ibps.in/,tienda_ropa,-play-characters-men-woman-size-design-user-password-profile-computer-tech-code
https://www.douyu.com/,Otros,-user
Error,sitios_no_visitados,
https://www.patreon.com/,Otros,-summary
https://www.pixabay.com/,Otros,
https://www.sarkariresult.com/,Otros,-play-summary-men-size-cover
https://www.bestbuy.com/,Otros,
https://www.3dmgame.com/,Otros,
https://www.dmm.co.jp/,Otros,-men
https://www.behance.net/,tienda_ropa,-play-animation-moda-men-collection-size-brand-videos-like-notification-user-post-share-profile-photos-videos-android-code-network-book-cover-author
https://www.youdao.com/,Otros,-code
https://www.kinopoisk.ru/,Otros,-summary
https://www.9gag.com/,Otros,
https://www.52pojie.cn/,Otros,-user
https://www.varzesh3.com/,tienda_ropa,-summary-men-size-brand-share-book
https://www.ilovepdf.com/,Otros,-play-summary-men-size-author
https://www.manoramaonline.com/,plataforma_peliculas,-movies-movies-review-summary-user
https://www.usps.com/,Otros,
https://www.telegram.org/,Otros,
https://www.hubspot.com/,redes_sociales,-summary-brand-account-user-account-software
Error,sitios_no_visitados,
Error,sitios_no_visitados,
https://www.rt.com/,plataforma_peliculas,-play-cast-summary-men-size-user-services-cover-author
Error,sitios_no_visitados,
https://www.hdfcbank.com/,redes_sociales,-summary-products-men-offer-like-account-user-account-services-book
https://www.mailchimp.com/,Otros,
https://www.xfinity.com/,Otros,
https://www.hp.com/,Otros,-men
https://www.livejournal.com/,redes_sociales,-play-summary-men-user-story-share-cover-author
https://www.hespress.com/,Otros,-code
https://www.otvfoco.com.br/,plataforma_peliculas,-play-review-summary-men-size-share-book
https://www.primevideo.com/,Otros,
https://www.pornq.com/,Otros,-men
Error,sitios_no_visitados,
https://www.academia.edu/,redes_sociales,-men-design-notification-user-story-share
https://www.americanexpress.com/,redes_sociales,-summary-men-offer-account-user-account-services
https://www.elbalad.news/,Otros,
https://www.rutracker.org/,Otros,
https://www.zol.com.cn/,tienda_ropa,-shop-play-products-men-size-brand-like-user-comment-password-photos-android-tech-code-combo-book
https://www.jrj.com.cn/,Otros,
https://www.capitalone.com/,redes_sociales,-summary-account-user-password-photos-account-services
https://www.openload.co/,Otros,-men
https://www.chouftv.ma/,Otros,
https://www.smallpdf.com/,Otros,
https://www.pixiv.net/,plataforma_peliculas,-series-genre-summary-series-moda-men-size-messages-account-user-comment-share-profile-account-services-genre-book-cover
https://www.box.com/,Otros,-book
https://www.ask.com/,plataforma_peliculas,-play-review-summary-men-size-services-code-author
https://www.reverso.net/,Otros,-play
https://www.ebc.net.tw/,Otros,
https://www.bet365.com/,Otros,-code
https://www.forbes.com/,books,-review-summary-user-story-tech-technology-book-cover-author
https://www.ouo.io/,Otros,
https://www.wordpress.org/,Otros,
https://www.doubleclick.net/,Otros,
https://www.suara.com/,redes_sociales,-play-review-summary-men-size-user-post-share-services-code
https://www.ups.com/,Otros,-men
https://www.wikimedia.org/,Otros,-men-education-educational
https://www.cdstm.cn/,Otros,-play-men-size-user-code-cover
https://www.buzzfeed.com/,Otros,
https://www.ameblo.jp/,Otros,-men
https://www.mercadolibre.com.ar/,Otros,-productos-men-marca-cuenta
https://www.kakaku.com/,Otros,
https://www.genius.com/,Otros,
Error,sitios_no_visitados,
https://www.oracle.com/,tecnologia,-offer-dress-story-software-hardware-services-book
Error,sitios_no_visitados,
https://www.fedex.com/,Otros,
https://www.elsevier.com/,tienda_ropa,-play-animation-men-ropa-size-design-account-user-story-account-tech-information-code-author
https://www.op.gg/,Otros,
https://www.kissanime.ru/,Otros,
https://www.mercadolibre.com.mx/,Otros,-productos-men-marca-cuenta
https://www.namu.wiki/,Otros,
https://www.redtube.com/,redes_sociales,-play-movies-movies-men-videos-comment-videos
https://www.dell.com/,Otros,
https://www.sex.com/,redes_sociales,-summary-skirt-videos-user-videos-cover
https://www.patch.com/,Otros,
Error,sitios_no_visitados,
https://www.kumparan.com/,Otros,
https://www.healthline.com/,Otros,-review-summary-men-suit-user-share-information
https://www.youku.com/,Otros,-play-size-user-code
https://www.mi.com/,Otros,
https://www.cjl58f3agc.com/,Otros,
https://www.bnsjb1ab1e.com/,Otros,
Error,sitios_no_visitados,
https://www.aol.com/,books,-men-account-account-book-cover-author
Error,sitios_no_visitados,
https://www.outbrain.com/,Otros,-men-tech-technology-cover
https://www.coinmarketcap.com/,Otros,
https://www.taboola.com/,plataforma_peliculas,-play-review-summary-animation-men-size-code-cover
https://www.namnak.com/,Otros,-men-size
https://www.ctrip.com/,Otros,
https://www.theepochtimes.com/,Otros,-summary-men-size-user-post-author
https://www.samsung.com/,Otros,
https://www.65vk1fba34.com/,Otros,
https://www.dkn.tv/,tienda_ropa,-play-review-summary-men-ropa-size-dress-videos-user-comment-post-profile-videos-tech-code-book-author
https://www.51sole.com/,Otros,
Error,sitios_no_visitados,
https://www.baike.com/,Otros,-dress
Error,sitios_no_visitados,
https://www.ladbible.com/,redes_sociales,-play-review-summary-men-size-dress-videos-like-account-user-story-post-videos-account-developer-developers-services-code-book-cover
https://www.bitly.com/,Otros,
https://www.marca.com/,tienda_ropa,-play-cast-summary-men-marca-size-brand-buscador-fotos-user-portada-editorial-cover
https://www.upwork.com/,Otros,
https://www.accuweather.com/,Otros,
https://www.tencent.com/,Otros,-user-tech-technology
https://www.0byv9mgbn0.com/,Otros,
https://www.sberbank.ru/,Otros,
https://www.playstation.com/,Otros,
Error,sitios_no_visitados,
https://www.feedly.com/,tecnologia,-play-summary-men-size-user-information-code-network
https://www.l6b587txj1.com/,Otros,
https://www.siteadvisor.com/,Otros,
Error,sitios_no_visitados,
Error,sitios_no_visitados,
https://www.flickr.com/,tienda_ropa,-play-summary-animation-moda-men-ropa-size-like-notification-account-user-share-photos-account-android-tech-services-code-combo-cover
https://www.slickdeals.net/,Otros,
https://www.businessinsider.com/,Otros,-like-tech
https://www.myanimelist.net/,Otros,-men
https://www.investing.com/,Otros,
https://www.wix.com/,plataforma_peliculas,-play-obra-review-cast-summary-animation-moda-men-collection-medias-tela-ropa-size-brand-design-dress-videos-notification-user-password-post-share-profile-reaction-videos-software-android-tech-services-code-dashboard-network-book-cover-author
https://www.gamespot.com/,plataforma_peliculas,-play-trailer-trailer-review-summary-animation-moda-men-collection-size-brand-videos-notification-account-user-videos-account-tech-services-information-code-book-cover
https://www.zippyshare.com/,Otros,
https://www.biobiochile.cl/,Otros,-summary-men-author
https://www.geeksforgeeks.org/,tecnologia,-men-design-programming-computer-android-tech-book
https://www.evernote.com/,Otros,
https://www.myornamenti.com/,Otros,
https://www.divar.ir/,Otros,
Error,sitios_no_visitados,
https://www.ensonhaber.com/,Otros,-men-user-book
https://www.springer.com/,Otros,
https://www.rarbg.to/,Otros,
https://www.glassdoor.com/,Otros,
https://www.idntimes.com/,redes_sociales,-play-billboard-summary-men-size-dress-account-user-post-profile-account-android-services-code-book-cover-author
https://www.amazon.cn/,Otros,-summary
https://www.uptodown.com/,redes_sociales,-play-men-videos-account-user-videos-account-android-tech-code-book-author
Error,sitios_no_visitados,
https://www.leboncoin.fr/,Otros,
https://www.sourceforge.net/,Otros,
https://www.namasha.com/,Otros,-men-size-cover
https://www.grammarly.com/,Otros,-summary-men
https://www.104.com.tw/,Otros,
https://www.friv.com/,Otros,-play-summary
https://www.livedoor.com/,Otros,
https://www.cambridge.org/,Otros,-products-men-services-author-education
https://www.icicibank.com/,redes_sociales,-products-men-offer-like-account-account-services
Error,sitios_no_visitados,
https://www.gearbest.com/,tienda_ropa,-electronics-shop-deals-review-products-men-size-design-user-code-author
Error,sitios_no_visitados,
https://www.billdesk.com/,Otros,-men
https://www.sdpnoticias.com/,Otros,-summary-size
Error,sitios_no_visitados,
https://www.theverge.com/,plataforma_peliculas,-review-cast-summary-offer-design-share-tech-technology
Error,sitios_no_visitados,
https://www.wp.pl/,plataforma_peliculas,-shop-play-obra-billboard-summary-plot-animation-moda-men-collection-size-offer-brand-historia-user-story-post-photos-tech-services-code-book-cover-author
https://www.citi.com/,redes_sociales,-men-like-account-account-developer-information
https://www.myway.com/,Otros,-men
https://www.webex.com/,tienda_ropa,-summary-men-brand-design-share-author
https://www.elpais.com/,Otros,
https://www.onet.pl/,Otros,
https://www.uidai.gov.in/,Otros,
https://www.irctc.co.in/,Otros,
https://www.themeforest.net/,Otros,
https://www.pulzo.com/,books,-genre-summary-men-size-contenido-post-genre-cover-author
https://www.weebly.com/,redes_sociales,-review-men-collection-design-account-user-password-photos-account-tech-services-cover
https://www.giphy.com/,Otros,
https://www.gov.ao/,Otros,
https://www.blog.jp/,Otros,-user
https://www.qj.com.cn/,Otros,
https://www.goodreads.com/,books,-play-genre-summary-men-collection-share-services-genre-book-cover-author
https://www.wordreference.com/,tienda_ropa,-play-animation-moda-men-size-book
https://www.adp.com/,tienda_ropa,-moda-size-offer-services-book
https://www.inquirer.net/,Otros,
Error,sitios_no_visitados,
https://www.goo.ne.jp/,Otros,
https://www.userapi.com/,Otros,
Error,sitios_no_visitados,
https://www.ndtv.com/,plataforma_peliculas,-play-movies-movies-summary-men-videos-photos-videos-tech-technology-cover
https://www.target.com/,Otros,-electronics-shop-cloth-clothing-android
https://www.usatoday.com/,redes_sociales,-review-summary-men-videos-photos-videos-tech-technology
https://www.mercari.com/,Otros,
https://www.thesaurus.com/,Otros,-play-summary
https://www.banggood.com/,Otros,
https://www.unsplash.com/,Otros,
https://www.ign.com/,Otros,
https://www.animeflv.net/,Otros,
https://www.olx.pl/,tienda_ropa,-electronics-garden-shop-review-moda-men-brand-design-messages-account-user-story-comment-password-post-account-tech-services-information-code-book-cover
https://www.weblio.jp/,Otros,-men-services
https://www.lenta.ru/,Otros,
https://www.ptt.cc/,Otros,
https://www.360.com/,Otros,-men-user-tech
https://www.albawabhnews.com/,Otros,-play-size-story-android-book
https://www.verystream.com/,Otros,-men
https://www.repubblica.it/,plataforma_peliculas,-play-movies-cine-movies-cinema-summary-animation-moda-men-size-post-share-tech-autor-editorial-book-cover-author
https://www.tradingview.com/,Otros,-summary-men-size-user-network-book
https://www.ecosia.org/,Otros,-dress-book
https://www.metropoles.com/,Otros,
https://www.huffpost.com/,Otros,-review-men-post-share
https://www.rediff.com/,redes_sociales,-shop-review-products-men-account-user-share-account
https://www.olx.ua/,redes_sociales,-garden-shop-men-brand-design-messages-notification-account-user-story-password-post-photos-account-tech-information-code-book-cover
https://www.mlb.com/,Otros,-summary-post-share-combo-cover
https://www.taleo.net/,Otros,
https://www.ouedkniss.com/,Otros,-men
https://www.huawei.com/,Otros,
https://www.quizlet.com/,Otros,
https://www.mgid.com/,Otros,-review-summary-men
https://www.nur.kz/,Otros,-summary-share-cover
https://www.fidelity.com/,Otros,-review-men
https://www.downdetector.com/,Otros,
https://www.kaskus.co.id/,plataforma_peliculas,-play-review-cast-animation-men-size-dress-notification-user-post-share-profile-services-dashboard-network-book-cover-author
